{
  "best_f1_score": 0.6901180282342051,
  "best_threshold": 0.7200000000000001
}